<mesh>
	<submeshes>
		<submesh material="SkeletonMaterial" usesharedvertices="false" use32bitindexes="false" operationtype="triangle_list">
			<faces count="12">
				<face v1="0" v2="1" v3="2"/>
				<face v1="3" v2="4" v3="5"/>
				<face v1="6" v2="7" v3="8"/>
				<face v1="9" v2="10" v3="11"/>
				<face v1="12" v2="13" v3="14"/>
				<face v1="15" v2="16" v3="17"/>
				<face v1="18" v2="19" v3="20"/>
				<face v1="21" v2="22" v3="23"/>
				<face v1="24" v2="25" v3="26"/>
				<face v1="27" v2="28" v3="29"/>
				<face v1="30" v2="31" v3="32"/>
				<face v1="33" v2="34" v3="35"/>
			</faces>
			<geometry vertexcount="36">
				<vertexbuffer positions="true" normals="true">
					<vertex>
						<position x="20.000011" y="4.999999" z="0.000008"/>
						<normal x="0.024992" y="0.999688" z="0.000000"/>
					</vertex>
					<vertex>
						<position x="0.000012" y="5.500000" z="-0.499993"/>
						<normal x="0.024992" y="0.999688" z="0.000000"/>
					</vertex>
					<vertex>
						<position x="0.000012" y="5.500000" z="0.500007"/>
						<normal x="0.024992" y="0.999688" z="0.000000"/>
					</vertex>
					<vertex>
						<position x="20.000011" y="4.999999" z="0.000008"/>
						<normal x="0.024992" y="-0.000000" z="0.999688"/>
					</vertex>
					<vertex>
						<position x="0.000012" y="5.500000" z="0.500007"/>
						<normal x="0.024992" y="-0.000000" z="0.999688"/>
					</vertex>
					<vertex>
						<position x="0.000012" y="4.500000" z="0.500007"/>
						<normal x="0.024992" y="-0.000000" z="0.999688"/>
					</vertex>
					<vertex>
						<position x="20.000011" y="4.999999" z="0.000008"/>
						<normal x="0.024992" y="-0.999688" z="-0.000000"/>
					</vertex>
					<vertex>
						<position x="0.000012" y="4.500000" z="0.500007"/>
						<normal x="0.024992" y="-0.999688" z="-0.000000"/>
					</vertex>
					<vertex>
						<position x="0.000012" y="4.500000" z="-0.499993"/>
						<normal x="0.024992" y="-0.999688" z="-0.000000"/>
					</vertex>
					<vertex>
						<position x="20.000011" y="4.999999" z="0.000008"/>
						<normal x="0.024992" y="0.000000" z="-0.999688"/>
					</vertex>
					<vertex>
						<position x="0.000012" y="4.500000" z="-0.499993"/>
						<normal x="0.024992" y="0.000000" z="-0.999688"/>
					</vertex>
					<vertex>
						<position x="0.000012" y="5.500000" z="-0.499993"/>
						<normal x="0.024992" y="0.000000" z="-0.999688"/>
					</vertex>
					<vertex>
						<position x="0.000012" y="4.500000" z="0.500007"/>
						<normal x="-1.000000" y="0.000000" z="-0.000000"/>
					</vertex>
					<vertex>
						<position x="0.000012" y="5.500000" z="0.500007"/>
						<normal x="-1.000000" y="0.000000" z="-0.000000"/>
					</vertex>
					<vertex>
						<position x="0.000012" y="5.500000" z="-0.499993"/>
						<normal x="-1.000000" y="0.000000" z="-0.000000"/>
					</vertex>
					<vertex>
						<position x="0.000012" y="5.500000" z="-0.499993"/>
						<normal x="-1.000000" y="0.000000" z="-0.000000"/>
					</vertex>
					<vertex>
						<position x="0.000012" y="4.500000" z="-0.499993"/>
						<normal x="-1.000000" y="0.000000" z="-0.000000"/>
					</vertex>
					<vertex>
						<position x="0.000012" y="4.500000" z="0.500007"/>
						<normal x="-1.000000" y="0.000000" z="-0.000000"/>
					</vertex>
					<vertex>
						<position x="0.000012" y="15.000000" z="0.000007"/>
						<normal x="-0.999328" y="0.036642" z="0.000000"/>
					</vertex>
					<vertex>
						<position x="-0.219988" y="9.000000" z="-0.219993"/>
						<normal x="-0.999328" y="0.036642" z="0.000000"/>
					</vertex>
					<vertex>
						<position x="-0.219988" y="9.000000" z="0.220007"/>
						<normal x="-0.999328" y="0.036642" z="0.000000"/>
					</vertex>
					<vertex>
						<position x="0.000012" y="15.000000" z="0.000007"/>
						<normal x="0.000000" y="0.036642" z="0.999328"/>
					</vertex>
					<vertex>
						<position x="-0.219988" y="9.000000" z="0.220007"/>
						<normal x="0.000000" y="0.036642" z="0.999328"/>
					</vertex>
					<vertex>
						<position x="0.220012" y="9.000000" z="0.220007"/>
						<normal x="0.000000" y="0.036642" z="0.999328"/>
					</vertex>
					<vertex>
						<position x="0.000012" y="15.000000" z="0.000007"/>
						<normal x="0.999328" y="0.036642" z="0.000000"/>
					</vertex>
					<vertex>
						<position x="0.220012" y="9.000000" z="0.220007"/>
						<normal x="0.999328" y="0.036642" z="0.000000"/>
					</vertex>
					<vertex>
						<position x="0.220012" y="9.000000" z="-0.219993"/>
						<normal x="0.999328" y="0.036642" z="0.000000"/>
					</vertex>
					<vertex>
						<position x="0.000012" y="15.000000" z="0.000007"/>
						<normal x="0.000000" y="0.036642" z="-0.999328"/>
					</vertex>
					<vertex>
						<position x="0.220012" y="9.000000" z="-0.219993"/>
						<normal x="0.000000" y="0.036642" z="-0.999328"/>
					</vertex>
					<vertex>
						<position x="-0.219988" y="9.000000" z="-0.219993"/>
						<normal x="0.000000" y="0.036642" z="-0.999328"/>
					</vertex>
					<vertex>
						<position x="0.220012" y="9.000000" z="0.220007"/>
						<normal x="0.000000" y="-1.000000" z="0.000000"/>
					</vertex>
					<vertex>
						<position x="-0.219988" y="9.000000" z="0.220007"/>
						<normal x="0.000000" y="-1.000000" z="0.000000"/>
					</vertex>
					<vertex>
						<position x="-0.219988" y="9.000000" z="-0.219993"/>
						<normal x="0.000000" y="-1.000000" z="0.000000"/>
					</vertex>
					<vertex>
						<position x="-0.219988" y="9.000000" z="-0.219993"/>
						<normal x="0.000000" y="-1.000000" z="0.000000"/>
					</vertex>
					<vertex>
						<position x="0.220012" y="9.000000" z="-0.219993"/>
						<normal x="0.000000" y="-1.000000" z="0.000000"/>
					</vertex>
					<vertex>
						<position x="0.220012" y="9.000000" z="0.220007"/>
						<normal x="0.000000" y="-1.000000" z="0.000000"/>
					</vertex>
				</vertexbuffer>
			</geometry>
			<boneassignments>
				<vertexboneassignment vertexindex="0" boneindex="0" weight="1.000000"/>
				<vertexboneassignment vertexindex="1" boneindex="0" weight="1.000000"/>
				<vertexboneassignment vertexindex="2" boneindex="0" weight="1.000000"/>
				<vertexboneassignment vertexindex="3" boneindex="0" weight="1.000000"/>
				<vertexboneassignment vertexindex="4" boneindex="0" weight="1.000000"/>
				<vertexboneassignment vertexindex="5" boneindex="0" weight="1.000000"/>
				<vertexboneassignment vertexindex="6" boneindex="0" weight="1.000000"/>
				<vertexboneassignment vertexindex="7" boneindex="0" weight="1.000000"/>
				<vertexboneassignment vertexindex="8" boneindex="0" weight="1.000000"/>
				<vertexboneassignment vertexindex="9" boneindex="0" weight="1.000000"/>
				<vertexboneassignment vertexindex="10" boneindex="0" weight="1.000000"/>
				<vertexboneassignment vertexindex="11" boneindex="0" weight="1.000000"/>
				<vertexboneassignment vertexindex="12" boneindex="0" weight="1.000000"/>
				<vertexboneassignment vertexindex="13" boneindex="0" weight="1.000000"/>
				<vertexboneassignment vertexindex="14" boneindex="0" weight="1.000000"/>
				<vertexboneassignment vertexindex="15" boneindex="0" weight="1.000000"/>
				<vertexboneassignment vertexindex="16" boneindex="0" weight="1.000000"/>
				<vertexboneassignment vertexindex="17" boneindex="0" weight="1.000000"/>
				<vertexboneassignment vertexindex="18" boneindex="1" weight="1.000000"/>
				<vertexboneassignment vertexindex="19" boneindex="1" weight="1.000000"/>
				<vertexboneassignment vertexindex="20" boneindex="1" weight="1.000000"/>
				<vertexboneassignment vertexindex="21" boneindex="1" weight="1.000000"/>
				<vertexboneassignment vertexindex="22" boneindex="1" weight="1.000000"/>
				<vertexboneassignment vertexindex="23" boneindex="1" weight="1.000000"/>
				<vertexboneassignment vertexindex="24" boneindex="1" weight="1.000000"/>
				<vertexboneassignment vertexindex="25" boneindex="1" weight="1.000000"/>
				<vertexboneassignment vertexindex="26" boneindex="1" weight="1.000000"/>
				<vertexboneassignment vertexindex="27" boneindex="1" weight="1.000000"/>
				<vertexboneassignment vertexindex="28" boneindex="1" weight="1.000000"/>
				<vertexboneassignment vertexindex="29" boneindex="1" weight="1.000000"/>
				<vertexboneassignment vertexindex="30" boneindex="1" weight="1.000000"/>
				<vertexboneassignment vertexindex="31" boneindex="1" weight="1.000000"/>
				<vertexboneassignment vertexindex="32" boneindex="1" weight="1.000000"/>
				<vertexboneassignment vertexindex="33" boneindex="1" weight="1.000000"/>
				<vertexboneassignment vertexindex="34" boneindex="1" weight="1.000000"/>
				<vertexboneassignment vertexindex="35" boneindex="1" weight="1.000000"/>
			</boneassignments>
		</submesh>
	</submeshes>
	<skeletonlink name="Armature.001-Armature.001.skeleton"/>
</mesh>
