<skeleton>
	<bones>
		<bone id="0" name="openDoorBone">
			<position x="0.000012" y="5.000000" z="0.000007"/>
			<rotation angle="1.570796">
				<axis x="0.000000" y="0.000000" z="-1.000000"/>
			</rotation>
		</bone>
		<bone id="1" name="staticBone">
			<position x="0.000012" y="9.000000" z="0.000007"/>
			<rotation angle="0.000000">
				<axis x="0.000000" y="0.000000" z="0.000000"/>
			</rotation>
		</bone>
	</bones>
	<bonehierarchy>
	</bonehierarchy>
	<animations>
		<animation name="doorOpen" length="1.560000">
			<tracks>
				<track bone="openDoorBone">
					<keyframes>
						<keyframe time="0.000000">
							<translate x="0.000000" y="0.000000" z="0.000000"/>
							<rotate angle="0.000000">
								<axis x="0.000000" y="0.000000" z="0.000000"/>
							</rotate>
							<scale x="1.000000" y="1.000000" z="1.000000"/>
						</keyframe>
						<keyframe time="1.560000">
							<translate x="18.000000" y="0.000000" z="0.000001"/>
							<rotate angle="0.000000">
								<axis x="0.000000" y="0.000000" z="0.000000"/>
							</rotate>
							<scale x="1.000000" y="1.000000" z="1.000000"/>
						</keyframe>
					</keyframes>
				</track>
			</tracks>
		</animation>
	</animations>
</skeleton>
