<mesh>
	<submeshes>
		<submesh material="deskMat" usesharedvertices="false" use32bitindexes="false" operationtype="triangle_list">
			<faces count="26">
				<face v1="0" v2="1" v3="3"/>
				<face v1="3" v2="1" v3="2"/>
				<face v1="4" v2="5" v3="7"/>
				<face v1="7" v2="5" v3="6"/>
				<face v1="8" v2="9" v3="11"/>
				<face v1="11" v2="9" v3="10"/>
				<face v1="12" v2="13" v3="14"/>
				<face v1="14" v2="15" v3="12"/>
				<face v1="16" v2="17" v3="19"/>
				<face v1="19" v2="17" v3="18"/>
				<face v1="20" v2="21" v3="22"/>
				<face v1="22" v2="23" v3="20"/>
				<face v1="24" v2="20" v3="25"/>
				<face v1="25" v2="20" v3="23"/>
				<face v1="26" v2="24" v3="27"/>
				<face v1="27" v2="24" v3="25"/>
				<face v1="21" v2="26" v3="27"/>
				<face v1="27" v2="22" v3="21"/>
				<face v1="28" v2="29" v3="31"/>
				<face v1="31" v2="29" v3="30"/>
				<face v1="32" v2="33" v3="35"/>
				<face v1="35" v2="33" v3="34"/>
				<face v1="36" v2="37" v3="39"/>
				<face v1="39" v2="37" v3="38"/>
				<face v1="40" v2="41" v3="43"/>
				<face v1="43" v2="41" v3="42"/>
			</faces>
			<geometry vertexcount="44">
				<vertexbuffer positions="true" normals="true">
					<vertex>
						<position x="10.000005" y="9.999996" z="10.000000"/>
						<normal x="0.000000" y="0.000000" z="1.000000"/>
					</vertex>
					<vertex>
						<position x="-10.000000" y="10.000001" z="10.000000"/>
						<normal x="0.000000" y="0.000000" z="1.000000"/>
					</vertex>
					<vertex>
						<position x="-10.000005" y="-9.999995" z="10.000000"/>
						<normal x="0.000000" y="0.000000" z="1.000000"/>
					</vertex>
					<vertex>
						<position x="9.999992" y="-10.000005" z="10.000000"/>
						<normal x="0.000000" y="0.000000" z="1.000000"/>
					</vertex>
					<vertex>
						<position x="9.999999" y="10.000000" z="8.000000"/>
						<normal x="1.000000" y="-0.000001" z="-0.000003"/>
					</vertex>
					<vertex>
						<position x="10.000005" y="9.999996" z="10.000000"/>
						<normal x="1.000000" y="-0.000001" z="-0.000003"/>
					</vertex>
					<vertex>
						<position x="9.999992" y="-10.000005" z="10.000000"/>
						<normal x="1.000000" y="-0.000001" z="-0.000003"/>
					</vertex>
					<vertex>
						<position x="9.999999" y="-9.999999" z="8.000000"/>
						<normal x="1.000000" y="-0.000001" z="-0.000003"/>
					</vertex>
					<vertex>
						<position x="9.999999" y="-9.999999" z="8.000000"/>
						<normal x="-0.000000" y="-1.000000" z="-0.000003"/>
					</vertex>
					<vertex>
						<position x="9.999992" y="-10.000005" z="10.000000"/>
						<normal x="-0.000000" y="-1.000000" z="-0.000003"/>
					</vertex>
					<vertex>
						<position x="-10.000005" y="-9.999995" z="10.000000"/>
						<normal x="-0.000000" y="-1.000000" z="-0.000003"/>
					</vertex>
					<vertex>
						<position x="-10.000002" y="-9.999997" z="8.000000"/>
						<normal x="-0.000000" y="-1.000000" z="-0.000003"/>
					</vertex>
					<vertex>
						<position x="-10.000002" y="-9.999997" z="8.000000"/>
						<normal x="-1.000000" y="0.000000" z="-0.000001"/>
					</vertex>
					<vertex>
						<position x="-10.000005" y="-9.999995" z="10.000000"/>
						<normal x="-1.000000" y="0.000000" z="-0.000001"/>
					</vertex>
					<vertex>
						<position x="-10.000000" y="10.000001" z="10.000000"/>
						<normal x="-1.000000" y="0.000000" z="-0.000001"/>
					</vertex>
					<vertex>
						<position x="-9.999997" y="10.000005" z="8.000000"/>
						<normal x="-1.000000" y="0.000000" z="-0.000001"/>
					</vertex>
					<vertex>
						<position x="10.000005" y="9.999996" z="10.000000"/>
						<normal x="0.000000" y="1.000000" z="0.000002"/>
					</vertex>
					<vertex>
						<position x="9.999999" y="10.000000" z="8.000000"/>
						<normal x="0.000000" y="1.000000" z="0.000002"/>
					</vertex>
					<vertex>
						<position x="-9.999997" y="10.000005" z="8.000000"/>
						<normal x="0.000000" y="1.000000" z="0.000002"/>
					</vertex>
					<vertex>
						<position x="-10.000000" y="10.000001" z="10.000000"/>
						<normal x="0.000000" y="1.000000" z="0.000002"/>
					</vertex>
					<vertex>
						<position x="-9.999997" y="10.000005" z="8.000000"/>
						<normal x="0.000000" y="0.000000" z="-1.000000"/>
					</vertex>
					<vertex>
						<position x="9.999999" y="10.000000" z="8.000000"/>
						<normal x="0.000000" y="0.000000" z="-1.000000"/>
					</vertex>
					<vertex>
						<position x="1.999999" y="2.000002" z="8.000000"/>
						<normal x="0.000000" y="0.000000" z="-1.000000"/>
					</vertex>
					<vertex>
						<position x="-2.000001" y="2.000003" z="8.000000"/>
						<normal x="0.000000" y="0.000000" z="-1.000000"/>
					</vertex>
					<vertex>
						<position x="-10.000002" y="-9.999997" z="8.000000"/>
						<normal x="0.000000" y="0.000000" z="-1.000000"/>
					</vertex>
					<vertex>
						<position x="-2.000001" y="-1.999997" z="8.000000"/>
						<normal x="0.000000" y="0.000000" z="-1.000000"/>
					</vertex>
					<vertex>
						<position x="9.999999" y="-9.999999" z="8.000000"/>
						<normal x="0.000000" y="0.000000" z="-1.000000"/>
					</vertex>
					<vertex>
						<position x="1.999999" y="-1.999998" z="8.000000"/>
						<normal x="0.000000" y="0.000000" z="-1.000000"/>
					</vertex>
					<vertex>
						<position x="1.999999" y="2.000002" z="8.000000"/>
						<normal x="1.000000" y="0.000000" z="0.000000"/>
					</vertex>
					<vertex>
						<position x="1.999999" y="-1.999998" z="8.000000"/>
						<normal x="1.000000" y="0.000000" z="0.000000"/>
					</vertex>
					<vertex>
						<position x="1.999999" y="-1.999998" z="0.000000"/>
						<normal x="1.000000" y="0.000000" z="0.000000"/>
					</vertex>
					<vertex>
						<position x="1.999999" y="2.000002" z="0.000000"/>
						<normal x="1.000000" y="0.000000" z="0.000000"/>
					</vertex>
					<vertex>
						<position x="1.999999" y="-1.999998" z="8.000000"/>
						<normal x="-0.000000" y="-1.000000" z="0.000000"/>
					</vertex>
					<vertex>
						<position x="-2.000001" y="-1.999997" z="8.000000"/>
						<normal x="-0.000000" y="-1.000000" z="0.000000"/>
					</vertex>
					<vertex>
						<position x="-2.000001" y="-1.999997" z="0.000000"/>
						<normal x="-0.000000" y="-1.000000" z="0.000000"/>
					</vertex>
					<vertex>
						<position x="1.999999" y="-1.999998" z="0.000000"/>
						<normal x="-0.000000" y="-1.000000" z="0.000000"/>
					</vertex>
					<vertex>
						<position x="-2.000001" y="-1.999997" z="8.000000"/>
						<normal x="-1.000000" y="0.000000" z="0.000000"/>
					</vertex>
					<vertex>
						<position x="-2.000001" y="2.000003" z="8.000000"/>
						<normal x="-1.000000" y="0.000000" z="0.000000"/>
					</vertex>
					<vertex>
						<position x="-2.000001" y="2.000003" z="0.000000"/>
						<normal x="-1.000000" y="0.000000" z="0.000000"/>
					</vertex>
					<vertex>
						<position x="-2.000001" y="-1.999997" z="0.000000"/>
						<normal x="-1.000000" y="0.000000" z="0.000000"/>
					</vertex>
					<vertex>
						<position x="-2.000001" y="2.000003" z="8.000000"/>
						<normal x="0.000000" y="1.000000" z="0.000000"/>
					</vertex>
					<vertex>
						<position x="1.999999" y="2.000002" z="8.000000"/>
						<normal x="0.000000" y="1.000000" z="0.000000"/>
					</vertex>
					<vertex>
						<position x="1.999999" y="2.000002" z="0.000000"/>
						<normal x="0.000000" y="1.000000" z="0.000000"/>
					</vertex>
					<vertex>
						<position x="-2.000001" y="2.000003" z="0.000000"/>
						<normal x="0.000000" y="1.000000" z="0.000000"/>
					</vertex>
				</vertexbuffer>
				<vertexbuffer texture_coord_dimensions_0="2" texture_coords="1">
					<vertex>
						<texcoord u="0.933869" v="0.077850"/>
					</vertex>
					<vertex>
						<texcoord u="0.084848" v="0.077850"/>
					</vertex>
					<vertex>
						<texcoord u="0.084848" v="0.926870"/>
					</vertex>
					<vertex>
						<texcoord u="0.933868" v="0.926871"/>
					</vertex>
					<vertex>
						<texcoord u="0.441281" v="0.485614"/>
					</vertex>
					<vertex>
						<texcoord u="0.492316" v="0.485707"/>
					</vertex>
					<vertex>
						<texcoord u="0.493254" v="-0.024648"/>
					</vertex>
					<vertex>
						<texcoord u="0.442217" v="-0.024742"/>
					</vertex>
					<vertex>
						<texcoord u="0.442217" v="-0.024742"/>
					</vertex>
					<vertex>
						<texcoord u="0.493254" v="-0.024648"/>
					</vertex>
					<vertex>
						<texcoord u="0.494187" v="-0.535015"/>
					</vertex>
					<vertex>
						<texcoord u="0.443150" v="-0.535108"/>
					</vertex>
					<vertex>
						<texcoord u="0.439407" v="1.506321"/>
					</vertex>
					<vertex>
						<texcoord u="0.490443" v="1.506414"/>
					</vertex>
					<vertex>
						<texcoord u="0.491379" v="0.996059"/>
					</vertex>
					<vertex>
						<texcoord u="0.440344" v="0.995965"/>
					</vertex>
					<vertex>
						<texcoord u="0.492316" v="0.485707"/>
					</vertex>
					<vertex>
						<texcoord u="0.441281" v="0.485614"/>
					</vertex>
					<vertex>
						<texcoord u="0.440344" v="0.995965"/>
					</vertex>
					<vertex>
						<texcoord u="0.491379" v="0.996059"/>
					</vertex>
					<vertex>
						<texcoord u="0.932068" v="0.920349"/>
					</vertex>
					<vertex>
						<texcoord u="0.932068" v="0.057028"/>
					</vertex>
					<vertex>
						<texcoord u="0.586740" v="0.402357"/>
					</vertex>
					<vertex>
						<texcoord u="0.586740" v="0.575021"/>
					</vertex>
					<vertex>
						<texcoord u="0.068747" v="0.920349"/>
					</vertex>
					<vertex>
						<texcoord u="0.414076" v="0.575021"/>
					</vertex>
					<vertex>
						<texcoord u="0.068747" v="0.057028"/>
					</vertex>
					<vertex>
						<texcoord u="0.414076" v="0.402357"/>
					</vertex>
					<vertex>
						<texcoord u="0.744330" v="0.494475"/>
					</vertex>
					<vertex>
						<texcoord u="0.743520" v="0.244189"/>
					</vertex>
					<vertex>
						<texcoord u="0.242948" v="0.245810"/>
					</vertex>
					<vertex>
						<texcoord u="0.243758" v="0.496096"/>
					</vertex>
					<vertex>
						<texcoord u="0.743520" v="0.244189"/>
					</vertex>
					<vertex>
						<texcoord u="0.742709" v="-0.006097"/>
					</vertex>
					<vertex>
						<texcoord u="0.242138" v="-0.004476"/>
					</vertex>
					<vertex>
						<texcoord u="0.242948" v="0.245810"/>
					</vertex>
					<vertex>
						<texcoord u="0.745951" v="0.995047"/>
					</vertex>
					<vertex>
						<texcoord u="0.745141" v="0.744761"/>
					</vertex>
					<vertex>
						<texcoord u="0.244569" v="0.746382"/>
					</vertex>
					<vertex>
						<texcoord u="0.245379" v="0.996668"/>
					</vertex>
					<vertex>
						<texcoord u="0.745141" v="0.744761"/>
					</vertex>
					<vertex>
						<texcoord u="0.744330" v="0.494475"/>
					</vertex>
					<vertex>
						<texcoord u="0.243758" v="0.496096"/>
					</vertex>
					<vertex>
						<texcoord u="0.244569" v="0.746382"/>
					</vertex>
				</vertexbuffer>
			</geometry>
		</submesh>
	</submeshes>
</mesh>
