<mesh>
	<submeshes>
		<submesh material="doorBpMat" usesharedvertices="false" use32bitindexes="false" operationtype="triangle_list">
			<faces count="2">
				<face v1="0" v2="1" v3="3"/>
				<face v1="3" v2="1" v3="2"/>
			</faces>
			<geometry vertexcount="4">
				<vertexbuffer positions="true" normals="true">
					<vertex>
						<position x="1.000000" y="10.000002" z="15.000000"/>
						<normal x="1.000000" y="-0.000001" z="-0.000002"/>
					</vertex>
					<vertex>
						<position x="1.000011" y="9.999998" z="21.000000"/>
						<normal x="1.000000" y="-0.000001" z="-0.000002"/>
					</vertex>
					<vertex>
						<position x="0.999989" y="-10.000002" z="21.000000"/>
						<normal x="1.000000" y="-0.000001" z="-0.000002"/>
					</vertex>
					<vertex>
						<position x="1.000000" y="-9.999996" z="15.000000"/>
						<normal x="1.000000" y="-0.000001" z="-0.000002"/>
					</vertex>
				</vertexbuffer>
				<vertexbuffer texture_coord_dimensions_0="2" texture_coords="1">
					<vertex>
						<texcoord u="0.990000" v="0.743906"/>
					</vertex>
					<vertex>
						<texcoord u="0.990000" v="0.449906"/>
					</vertex>
					<vertex>
						<texcoord u="0.010000" v="0.449906"/>
					</vertex>
					<vertex>
						<texcoord u="0.010000" v="0.743906"/>
					</vertex>
				</vertexbuffer>
			</geometry>
			<boneassignments>
				<vertexboneassignment vertexindex="0" boneindex="1" weight="1.000000"/>
				<vertexboneassignment vertexindex="1" boneindex="1" weight="1.000000"/>
				<vertexboneassignment vertexindex="2" boneindex="1" weight="1.000000"/>
				<vertexboneassignment vertexindex="3" boneindex="1" weight="1.000000"/>
			</boneassignments>
		</submesh>
		<submesh material="doorMat/TWOSIDE" usesharedvertices="false" use32bitindexes="false" operationtype="triangle_list">
			<faces count="2">
				<face v1="0" v2="1" v3="3"/>
				<face v1="3" v2="1" v3="2"/>
			</faces>
			<geometry vertexcount="4">
				<vertexbuffer positions="true" normals="true">
					<vertex>
						<position x="-0.200011" y="-10.000002" z="15.000000"/>
						<normal x="-1.000000" y="0.000001" z="0.000000"/>
					</vertex>
					<vertex>
						<position x="-0.199989" y="9.999998" z="15.000000"/>
						<normal x="-1.000000" y="0.000001" z="0.000000"/>
					</vertex>
					<vertex>
						<position x="-0.200000" y="10.000002" z="-15.000000"/>
						<normal x="-1.000000" y="0.000001" z="0.000000"/>
					</vertex>
					<vertex>
						<position x="-0.200000" y="-9.999996" z="-15.000000"/>
						<normal x="-1.000000" y="0.000001" z="0.000000"/>
					</vertex>
				</vertexbuffer>
				<vertexbuffer texture_coord_dimensions_0="2" texture_coords="1">
					<vertex>
						<texcoord u="0.991049" v="0.013177"/>
					</vertex>
					<vertex>
						<texcoord u="0.008952" v="0.013177"/>
					</vertex>
					<vertex>
						<texcoord u="0.008951" v="0.993177"/>
					</vertex>
					<vertex>
						<texcoord u="0.991048" v="0.993177"/>
					</vertex>
				</vertexbuffer>
			</geometry>
			<boneassignments>
				<vertexboneassignment vertexindex="0" boneindex="0" weight="1.000000"/>
				<vertexboneassignment vertexindex="1" boneindex="0" weight="1.000000"/>
				<vertexboneassignment vertexindex="2" boneindex="0" weight="1.000000"/>
				<vertexboneassignment vertexindex="3" boneindex="0" weight="1.000000"/>
			</boneassignments>
		</submesh>
		<submesh material="doorFpMat" usesharedvertices="false" use32bitindexes="false" operationtype="triangle_list">
			<faces count="2">
				<face v1="0" v2="1" v3="3"/>
				<face v1="3" v2="1" v3="2"/>
			</faces>
			<geometry vertexcount="4">
				<vertexbuffer positions="true" normals="true">
					<vertex>
						<position x="-1.000000" y="10.000002" z="15.000000"/>
						<normal x="-1.000000" y="0.000000" z="-0.000002"/>
					</vertex>
					<vertex>
						<position x="-1.000000" y="-9.999996" z="15.000000"/>
						<normal x="-1.000000" y="0.000000" z="-0.000002"/>
					</vertex>
					<vertex>
						<position x="-1.000011" y="-10.000002" z="21.000000"/>
						<normal x="-1.000000" y="0.000000" z="-0.000002"/>
					</vertex>
					<vertex>
						<position x="-0.999989" y="9.999998" z="21.000000"/>
						<normal x="-1.000000" y="0.000000" z="-0.000002"/>
					</vertex>
				</vertexbuffer>
				<vertexbuffer texture_coord_dimensions_0="2" texture_coords="1">
					<vertex>
						<texcoord u="0.009859" v="0.744078"/>
					</vertex>
					<vertex>
						<texcoord u="0.989858" v="0.745023"/>
					</vertex>
					<vertex>
						<texcoord u="0.990141" v="0.451023"/>
					</vertex>
					<vertex>
						<texcoord u="0.010142" v="0.450078"/>
					</vertex>
				</vertexbuffer>
			</geometry>
			<boneassignments>
				<vertexboneassignment vertexindex="0" boneindex="1" weight="1.000000"/>
				<vertexboneassignment vertexindex="1" boneindex="1" weight="1.000000"/>
				<vertexboneassignment vertexindex="2" boneindex="1" weight="1.000000"/>
				<vertexboneassignment vertexindex="3" boneindex="1" weight="1.000000"/>
			</boneassignments>
		</submesh>
	</submeshes>
	<skeletonlink name="NavDoor-Armature.001.skeleton"/>
</mesh>
