<scene formatVersion="0.2.0">
  <nodes>
    <node name="shelf1">
      <position x="62.000000" y="-30.000002" z="20.000000"/>
      <rotation qx="0.000000" qy="0.000000" qz="-0.000000" qw="1.000000"/>
      <scale x="1.000000" y="1.000000" z="1.000000"/>
      <entity name="shelf1" meshFile="shelf1.mesh"/>
      <userData>
        <property type="BOOL" name="CASTSHADOWS" data="True"/>
        <property type="STRING" name="CLASS" data="button"/>
        <property type="STRING" name="ANIMATION" data="shelfInOut"/>
      </userData>
    </node>
    <node name="desk1">
      <position x="0.000000" y="0.000000" z="0.000000"/>
      <rotation qx="0.000000" qy="0.000000" qz="0.000000" qw="1.000000"/>
      <scale x="1.000000" y="1.000000" z="1.000000"/>
      <entity name="desk1" meshFile="desk1.mesh"/>
      <userData>
        <property type="BOOL" name="CASTSHADOWS" data="True"/>
        <property type="STRING" name="CLASS" data="simple"/>
      </userData>
    </node>
    <node name="NavLamp3">
      <position x="-5.451012" y="43.608086" z="25.288752"/>
      <rotation qx="0.500000" qy="0.500000" qz="0.500000" qw="0.500000"/>
      <scale x="1.000000" y="1.000000" z="1.000000"/>
      <light name="NavLamp3" type="point">
        <colourDiffuse r="0.633440" g="1.000000" b="0.609791"/>
        <colourSpecular r="0.633440" g="1.000000" b="0.609791"/>
        <lightAttenuation range="5000.0" constant="1.000000" linear="0.050000" quadratic="0.000000"/>
      </light>
    </node>
    <node name="NavLamp2">
      <position x="30.000000" y="-30.000000" z="21.000000"/>
      <rotation qx="0.500000" qy="0.500000" qz="0.500000" qw="0.500000"/>
      <scale x="1.000000" y="1.000000" z="1.000000"/>
      <light name="NavLamp2" type="point">
        <colourDiffuse r="1.000000" g="0.576142" b="0.000000"/>
        <colourSpecular r="1.000000" g="0.576142" b="0.000000"/>
        <lightAttenuation range="5000.0" constant="1.000000" linear="0.050000" quadratic="0.000000"/>
      </light>
    </node>
    <node name="NavLamp1">
      <position x="0.000000" y="0.000000" z="50.000000"/>
      <rotation qx="0.500000" qy="0.500000" qz="0.500000" qw="0.500000"/>
      <scale x="1.000000" y="1.000000" z="1.000000"/>
      <light name="NavLamp1" type="point">
        <colourDiffuse r="0.728036" g="0.810808" b="1.000000"/>
        <colourSpecular r="0.728036" g="0.810808" b="1.000000"/>
        <lightAttenuation range="5000.0" constant="1.000000" linear="0.050000" quadratic="0.000000"/>
      </light>
    </node>
    <node name="Camera">
      <position x="-116.086082" y="-126.775597" z="41.728779"/>
      <rotation qx="0.630000" qy="-0.246473" qz="-0.260072" qw="0.688994"/>
      <scale x="1.000000" y="1.000000" z="1.000000"/>
      <camera name="Camera" fov="37.849289" projectionType="perspective">
        <normal x="0.0" y="0.0" z="-1.0"/>
        <clipping near="0.100000" far="1000.000000"/>
      </camera>
    </node>
    <node name="NavDoor">
      <position x="49.999992" y="-0.000012" z="15.000001"/>
      <rotation qx="-0.000000" qy="0.000000" qz="-0.000000" qw="1.000000"/>
      <scale x="1.000000" y="1.000000" z="1.000000"/>
      <entity name="NavDoor" meshFile="NavDoor.mesh"/>
      <userData>
        <property type="STRING" name="CLASS" data="door"/>
        <property type="STRING" name="ANIMATION" data="doorOpen"/>
        <property type="STRING" name="FRONT_PANEL" data="navigationIn"/>
        <property type="STRING" name="BACK_PANEL" data="navigationOut"/>
      </userData>
    </node>
    <node name="NavComuter1">
      <position x="0.000000" y="0.000000" z="15.000000"/>
      <rotation qx="0.000000" qy="0.000000" qz="0.000000" qw="1.000000"/>
      <scale x="1.000000" y="1.000000" z="1.000000"/>
      <entity name="NavComuter1" meshFile="NavComputer1.mesh"/>
      <userData>
        <property type="STRING" name="CLASS" data="computer/nav"/>
        <property type="BOOL" name="CASTSHADOWS" data="True"/>
      </userData>
    </node>
    <node name="NavRoom">
      <position x="0.000000" y="0.000000" z="0.000000"/>
      <rotation qx="0.000000" qy="0.000000" qz="0.000000" qw="1.000000"/>
      <scale x="1.000000" y="1.000000" z="1.000000"/>
      <entity name="NavRoom" meshFile="NavRoom.mesh"/>
      <userData>
        <property type="STRING" name="CLASS" data="room"/>
      </userData>
    </node>
    <node name="column4">
      <position x="27.000000" y="33.000000" z="0.000000"/>
      <rotation qx="0.000000" qy="0.000000" qz="0.000000" qw="1.000000"/>
      <scale x="1.000000" y="1.000000" z="1.000000"/>
      <entity name="column4" meshFile="column.mesh"/>
      <userData>
        <property type="BOOL" name="CASTSHADOWS" data="True"/>
        <property type="STRING" name="CLASS" data="simple"/>
      </userData>
    </node>
    <node name="column1">
      <position x="-33.000000" y="33.000000" z="0.000000"/>
      <rotation qx="0.000000" qy="0.000000" qz="0.000000" qw="1.000000"/>
      <scale x="1.000000" y="1.000000" z="1.000000"/>
      <entity name="column1" meshFile="column.mesh"/>
      <userData>
        <property type="BOOL" name="CASTSHADOWS" data="True"/>
        <property type="STRING" name="CLASS" data="simple"/>
      </userData>
    </node>
    <node name="column3">
      <position x="7.000000" y="33.000000" z="0.000000"/>
      <rotation qx="0.000000" qy="0.000000" qz="0.000000" qw="1.000000"/>
      <scale x="1.000000" y="1.000000" z="1.000000"/>
      <entity name="column3" meshFile="column.mesh"/>
      <userData>
        <property type="BOOL" name="CASTSHADOWS" data="True"/>
        <property type="STRING" name="CLASS" data="simple"/>
      </userData>
    </node>
    <node name="column2">
      <position x="-13.000000" y="33.000000" z="0.000000"/>
      <rotation qx="0.000000" qy="0.000000" qz="0.000000" qw="1.000000"/>
      <scale x="1.000000" y="1.000000" z="1.000000"/>
      <entity name="column2" meshFile="column.mesh"/>
      <userData>
        <property type="BOOL" name="CASTSHADOWS" data="True"/>
        <property type="STRING" name="CLASS" data="simple"/>
      </userData>
    </node>
  </nodes>
  <externals>
    <item type="material">
      <file name="Scene.material"/>
    </item>
  </externals>
  <environment>
    <colourAmbient r="0.000000" g="0.000000" b="0.000000"/>
    <colourBackground r="0.056563" g="0.220815" b="0.400000"/>
  </environment>
</scene>
