<mesh>
	<submeshes>
		<submesh material="shelfMat" usesharedvertices="false" use32bitindexes="false" operationtype="triangle_list">
			<faces count="10">
				<face v1="0" v2="1" v3="3"/>
				<face v1="3" v2="1" v3="2"/>
				<face v1="4" v2="5" v3="7"/>
				<face v1="7" v2="5" v3="6"/>
				<face v1="8" v2="9" v3="11"/>
				<face v1="11" v2="9" v3="10"/>
				<face v1="12" v2="13" v3="15"/>
				<face v1="15" v2="13" v3="14"/>
				<face v1="16" v2="17" v3="19"/>
				<face v1="19" v2="17" v3="18"/>
			</faces>
			<geometry vertexcount="20">
				<vertexbuffer positions="true" normals="true">
					<vertex>
						<position x="-15.999998" y="1.200002" z="-4.000000"/>
						<normal x="0.000000" y="1.000000" z="0.000000"/>
					</vertex>
					<vertex>
						<position x="-15.999998" y="1.200001" z="3.999999"/>
						<normal x="0.000000" y="1.000000" z="0.000000"/>
					</vertex>
					<vertex>
						<position x="16.000004" y="1.199998" z="3.999999"/>
						<normal x="0.000000" y="1.000000" z="0.000000"/>
					</vertex>
					<vertex>
						<position x="15.999995" y="1.199999" z="-4.000002"/>
						<normal x="0.000000" y="1.000000" z="0.000000"/>
					</vertex>
					<vertex>
						<position x="-16.000008" y="-1.199998" z="-3.999999"/>
						<normal x="-0.000000" y="-1.000000" z="-0.000000"/>
					</vertex>
					<vertex>
						<position x="15.999999" y="-1.200001" z="-4.000000"/>
						<normal x="-0.000000" y="-1.000000" z="-0.000000"/>
					</vertex>
					<vertex>
						<position x="16.000008" y="-1.200002" z="3.999998"/>
						<normal x="-0.000000" y="-1.000000" z="-0.000000"/>
					</vertex>
					<vertex>
						<position x="-15.999989" y="-1.199999" z="4.000002"/>
						<normal x="-0.000000" y="-1.000000" z="-0.000000"/>
					</vertex>
					<vertex>
						<position x="-15.999998" y="1.200002" z="-4.000000"/>
						<normal x="-1.000000" y="0.000004" z="0.000002"/>
					</vertex>
					<vertex>
						<position x="-16.000008" y="-1.199998" z="-3.999999"/>
						<normal x="-1.000000" y="0.000004" z="0.000002"/>
					</vertex>
					<vertex>
						<position x="-15.999989" y="-1.199999" z="4.000002"/>
						<normal x="-1.000000" y="0.000004" z="0.000002"/>
					</vertex>
					<vertex>
						<position x="-15.999998" y="1.200001" z="3.999999"/>
						<normal x="-1.000000" y="0.000004" z="0.000002"/>
					</vertex>
					<vertex>
						<position x="-15.999998" y="1.200001" z="3.999999"/>
						<normal x="0.000000" y="0.000001" z="1.000000"/>
					</vertex>
					<vertex>
						<position x="-15.999989" y="-1.199999" z="4.000002"/>
						<normal x="0.000000" y="0.000001" z="1.000000"/>
					</vertex>
					<vertex>
						<position x="16.000008" y="-1.200002" z="3.999998"/>
						<normal x="0.000000" y="0.000001" z="1.000000"/>
					</vertex>
					<vertex>
						<position x="16.000004" y="1.199998" z="3.999999"/>
						<normal x="0.000000" y="0.000001" z="1.000000"/>
					</vertex>
					<vertex>
						<position x="-16.000008" y="-1.199998" z="-3.999999"/>
						<normal x="-0.000000" y="-0.000001" z="-1.000000"/>
					</vertex>
					<vertex>
						<position x="-15.999998" y="1.200002" z="-4.000000"/>
						<normal x="-0.000000" y="-0.000001" z="-1.000000"/>
					</vertex>
					<vertex>
						<position x="15.999995" y="1.199999" z="-4.000002"/>
						<normal x="-0.000000" y="-0.000001" z="-1.000000"/>
					</vertex>
					<vertex>
						<position x="15.999999" y="-1.200001" z="-4.000000"/>
						<normal x="-0.000000" y="-0.000001" z="-1.000000"/>
					</vertex>
				</vertexbuffer>
				<vertexbuffer texture_coord_dimensions_0="2" texture_coords="1">
					<vertex>
						<texcoord u="0.074776" v="0.679899"/>
					</vertex>
					<vertex>
						<texcoord u="0.074568" v="0.888449"/>
					</vertex>
					<vertex>
						<texcoord u="0.908768" v="0.889281"/>
					</vertex>
					<vertex>
						<texcoord u="0.908976" v="0.680731"/>
					</vertex>
					<vertex>
						<texcoord u="0.010000" v="0.218550"/>
					</vertex>
					<vertex>
						<texcoord u="0.844201" v="0.218550"/>
					</vertex>
					<vertex>
						<texcoord u="0.844201" v="0.010000"/>
					</vertex>
					<vertex>
						<texcoord u="0.010000" v="0.010000"/>
					</vertex>
					<vertex>
						<texcoord u="0.074776" v="0.679899"/>
					</vertex>
					<vertex>
						<texcoord u="0.012211" v="0.679837"/>
					</vertex>
					<vertex>
						<texcoord u="0.012003" v="0.888387"/>
					</vertex>
					<vertex>
						<texcoord u="0.074568" v="0.888449"/>
					</vertex>
					<vertex>
						<texcoord u="0.074568" v="0.888449"/>
					</vertex>
					<vertex>
						<texcoord u="0.074506" v="0.951014"/>
					</vertex>
					<vertex>
						<texcoord u="0.908706" v="0.951846"/>
					</vertex>
					<vertex>
						<texcoord u="0.908768" v="0.889281"/>
					</vertex>
					<vertex>
						<texcoord u="0.074838" v="0.617334"/>
					</vertex>
					<vertex>
						<texcoord u="0.074776" v="0.679899"/>
					</vertex>
					<vertex>
						<texcoord u="0.908976" v="0.680731"/>
					</vertex>
					<vertex>
						<texcoord u="0.909039" v="0.618166"/>
					</vertex>
				</vertexbuffer>
			</geometry>
			<boneassignments>
				<vertexboneassignment vertexindex="0" boneindex="0" weight="1.000000"/>
				<vertexboneassignment vertexindex="1" boneindex="0" weight="1.000000"/>
				<vertexboneassignment vertexindex="2" boneindex="0" weight="1.000000"/>
				<vertexboneassignment vertexindex="3" boneindex="0" weight="1.000000"/>
				<vertexboneassignment vertexindex="4" boneindex="0" weight="1.000000"/>
				<vertexboneassignment vertexindex="5" boneindex="0" weight="1.000000"/>
				<vertexboneassignment vertexindex="6" boneindex="0" weight="1.000000"/>
				<vertexboneassignment vertexindex="7" boneindex="0" weight="1.000000"/>
				<vertexboneassignment vertexindex="8" boneindex="0" weight="1.000000"/>
				<vertexboneassignment vertexindex="9" boneindex="0" weight="1.000000"/>
				<vertexboneassignment vertexindex="10" boneindex="0" weight="1.000000"/>
				<vertexboneassignment vertexindex="11" boneindex="0" weight="1.000000"/>
				<vertexboneassignment vertexindex="12" boneindex="0" weight="1.000000"/>
				<vertexboneassignment vertexindex="13" boneindex="0" weight="1.000000"/>
				<vertexboneassignment vertexindex="14" boneindex="0" weight="1.000000"/>
				<vertexboneassignment vertexindex="15" boneindex="0" weight="1.000000"/>
				<vertexboneassignment vertexindex="16" boneindex="0" weight="1.000000"/>
				<vertexboneassignment vertexindex="17" boneindex="0" weight="1.000000"/>
				<vertexboneassignment vertexindex="18" boneindex="0" weight="1.000000"/>
				<vertexboneassignment vertexindex="19" boneindex="0" weight="1.000000"/>
			</boneassignments>
		</submesh>
	</submeshes>
	<skeletonlink name="shelf1-Armature.skeleton"/>
</mesh>
