<mesh>
	<submeshes>
		<submesh material="roomFloorMat" usesharedvertices="false" use32bitindexes="false" operationtype="triangle_list">
			<faces count="2">
				<face v1="0" v2="1" v3="2"/>
				<face v1="2" v2="3" v3="0"/>
			</faces>
			<geometry vertexcount="4">
				<vertexbuffer positions="true" normals="true" texture_coord_dimensions_0="2" texture_coords="1">
					<vertex>
						<position x="9.999999" y="9.999998" z="0.000000"/>
						<normal x="0.000000" y="0.000000" z="1.000000"/>
						<texcoord u="0.000000" v="0.000000"/>
					</vertex>
					<vertex>
						<position x="-9.999997" y="10.000002" z="0.000000"/>
						<normal x="0.000000" y="0.000000" z="1.000000"/>
						<texcoord u="0.000000" v="1.000000"/>
					</vertex>
					<vertex>
						<position x="-10.000002" y="-9.999999" z="0.000000"/>
						<normal x="0.000000" y="0.000000" z="1.000000"/>
						<texcoord u="1.000000" v="1.000000"/>
					</vertex>
					<vertex>
						<position x="9.999999" y="-10.000001" z="0.000000"/>
						<normal x="0.000000" y="0.000000" z="1.000000"/>
						<texcoord u="1.000000" v="0.000000"/>
					</vertex>
				</vertexbuffer>
			</geometry>
		</submesh>
	</submeshes>
</mesh>
