<mesh>
	<submeshes>
		<submesh material="DeskMat" usesharedvertices="false" use32bitindexes="false" operationtype="triangle_list">
			<faces count="12">
				<face v1="0" v2="1" v3="2"/>
				<face v1="2" v2="3" v3="0"/>
				<face v1="4" v2="5" v3="7"/>
				<face v1="7" v2="5" v3="6"/>
				<face v1="8" v2="9" v3="11"/>
				<face v1="11" v2="9" v3="10"/>
				<face v1="12" v2="13" v3="15"/>
				<face v1="15" v2="13" v3="14"/>
				<face v1="16" v2="17" v3="18"/>
				<face v1="18" v2="19" v3="16"/>
				<face v1="20" v2="21" v3="23"/>
				<face v1="23" v2="21" v3="22"/>
			</faces>
			<geometry vertexcount="24">
				<vertexbuffer positions="true" normals="true">
					<vertex>
						<position x="1.000000" y="1.000000" z="-1.000000"/>
						<normal x="0.000000" y="0.000000" z="-1.000000"/>
					</vertex>
					<vertex>
						<position x="1.000000" y="-1.000000" z="-1.000000"/>
						<normal x="0.000000" y="0.000000" z="-1.000000"/>
					</vertex>
					<vertex>
						<position x="-1.000000" y="-1.000000" z="-1.000000"/>
						<normal x="0.000000" y="0.000000" z="-1.000000"/>
					</vertex>
					<vertex>
						<position x="-1.000000" y="1.000000" z="-1.000000"/>
						<normal x="0.000000" y="0.000000" z="-1.000000"/>
					</vertex>
					<vertex>
						<position x="1.000000" y="0.999999" z="1.000000"/>
						<normal x="0.000000" y="0.000000" z="1.000000"/>
					</vertex>
					<vertex>
						<position x="-1.000000" y="1.000000" z="1.000000"/>
						<normal x="0.000000" y="0.000000" z="1.000000"/>
					</vertex>
					<vertex>
						<position x="-1.000000" y="-1.000000" z="1.000000"/>
						<normal x="0.000000" y="0.000000" z="1.000000"/>
					</vertex>
					<vertex>
						<position x="0.999999" y="-1.000001" z="1.000000"/>
						<normal x="0.000000" y="0.000000" z="1.000000"/>
					</vertex>
					<vertex>
						<position x="1.000000" y="1.000000" z="-1.000000"/>
						<normal x="1.000000" y="-0.000001" z="-0.000000"/>
					</vertex>
					<vertex>
						<position x="1.000000" y="0.999999" z="1.000000"/>
						<normal x="1.000000" y="-0.000001" z="-0.000000"/>
					</vertex>
					<vertex>
						<position x="0.999999" y="-1.000001" z="1.000000"/>
						<normal x="1.000000" y="-0.000001" z="-0.000000"/>
					</vertex>
					<vertex>
						<position x="1.000000" y="-1.000000" z="-1.000000"/>
						<normal x="1.000000" y="-0.000001" z="-0.000000"/>
					</vertex>
					<vertex>
						<position x="1.000000" y="-1.000000" z="-1.000000"/>
						<normal x="-0.000000" y="-1.000000" z="-0.000000"/>
					</vertex>
					<vertex>
						<position x="0.999999" y="-1.000001" z="1.000000"/>
						<normal x="-0.000000" y="-1.000000" z="-0.000000"/>
					</vertex>
					<vertex>
						<position x="-1.000000" y="-1.000000" z="1.000000"/>
						<normal x="-0.000000" y="-1.000000" z="-0.000000"/>
					</vertex>
					<vertex>
						<position x="-1.000000" y="-1.000000" z="-1.000000"/>
						<normal x="-0.000000" y="-1.000000" z="-0.000000"/>
					</vertex>
					<vertex>
						<position x="-1.000000" y="-1.000000" z="-1.000000"/>
						<normal x="-1.000000" y="0.000000" z="-0.000000"/>
					</vertex>
					<vertex>
						<position x="-1.000000" y="-1.000000" z="1.000000"/>
						<normal x="-1.000000" y="0.000000" z="-0.000000"/>
					</vertex>
					<vertex>
						<position x="-1.000000" y="1.000000" z="1.000000"/>
						<normal x="-1.000000" y="0.000000" z="-0.000000"/>
					</vertex>
					<vertex>
						<position x="-1.000000" y="1.000000" z="-1.000000"/>
						<normal x="-1.000000" y="0.000000" z="-0.000000"/>
					</vertex>
					<vertex>
						<position x="1.000000" y="0.999999" z="1.000000"/>
						<normal x="0.000000" y="1.000000" z="0.000000"/>
					</vertex>
					<vertex>
						<position x="1.000000" y="1.000000" z="-1.000000"/>
						<normal x="0.000000" y="1.000000" z="0.000000"/>
					</vertex>
					<vertex>
						<position x="-1.000000" y="1.000000" z="-1.000000"/>
						<normal x="0.000000" y="1.000000" z="0.000000"/>
					</vertex>
					<vertex>
						<position x="-1.000000" y="1.000000" z="1.000000"/>
						<normal x="0.000000" y="1.000000" z="0.000000"/>
					</vertex>
				</vertexbuffer>
				<vertexbuffer texture_coord_dimensions_0="2" texture_coords="1">
					<vertex>
						<texcoord u="0.920000" v="0.990000"/>
					</vertex>
					<vertex>
						<texcoord u="0.990000" v="0.780000"/>
					</vertex>
					<vertex>
						<texcoord u="0.780000" v="0.710000"/>
					</vertex>
					<vertex>
						<texcoord u="0.710000" v="0.920000"/>
					</vertex>
					<vertex>
						<texcoord u="0.290000" v="0.780000"/>
					</vertex>
					<vertex>
						<texcoord u="0.500000" v="0.850000"/>
					</vertex>
					<vertex>
						<texcoord u="0.570000" v="0.640000"/>
					</vertex>
					<vertex>
						<texcoord u="0.359999" v="0.570000"/>
					</vertex>
					<vertex>
						<texcoord u="0.080000" v="0.710000"/>
					</vertex>
					<vertex>
						<texcoord u="0.290000" v="0.780000"/>
					</vertex>
					<vertex>
						<texcoord u="0.359999" v="0.570000"/>
					</vertex>
					<vertex>
						<texcoord u="0.150000" v="0.500000"/>
					</vertex>
					<vertex>
						<texcoord u="0.150000" v="0.500000"/>
					</vertex>
					<vertex>
						<texcoord u="0.359999" v="0.570000"/>
					</vertex>
					<vertex>
						<texcoord u="0.429999" v="0.360000"/>
					</vertex>
					<vertex>
						<texcoord u="0.220000" v="0.290001"/>
					</vertex>
					<vertex>
						<texcoord u="0.780000" v="0.710000"/>
					</vertex>
					<vertex>
						<texcoord u="0.570000" v="0.640000"/>
					</vertex>
					<vertex>
						<texcoord u="0.500000" v="0.850000"/>
					</vertex>
					<vertex>
						<texcoord u="0.710000" v="0.920000"/>
					</vertex>
					<vertex>
						<texcoord u="0.290000" v="0.780000"/>
					</vertex>
					<vertex>
						<texcoord u="0.080000" v="0.710000"/>
					</vertex>
					<vertex>
						<texcoord u="0.010000" v="0.920000"/>
					</vertex>
					<vertex>
						<texcoord u="0.220000" v="0.990000"/>
					</vertex>
				</vertexbuffer>
			</geometry>
		</submesh>
	</submeshes>
</mesh>
