<scene formatVersion="0.2.0">
  <nodes>

    <node name="Lamp">
      <position x="0.000000" y="0.000000" z="17.000000"/>
      <rotation qx="0.500000" qy="0.500000" qz="0.500000" qw="0.500000"/>
      <scale x="1.000000" y="1.000000" z="1.000000"/>
      <light name="Lamp.003" type="point">
        <colourDiffuse r="1.000000" g="1.000000" b="1.000000"/>
        <colourSpecular r="1.000000" g="1.000000" b="1.000000"/>
        <lightAttenuation range="5000.0" constant="1.000000" linear="0.050000" quadratic="0.000000"/>
      </light>
    </node>

    <node name="Cube">
      <position x="-0.000000" y="-0.000000" z="0.000000"/>
      <rotation qx="0.500000" qy="0.500000" qz="0.500000" qw="0.500000"/>
      <scale x="1.000000" y="1.000000" z="1.000000"/>
      <entity name="Cube" meshFile="Cube.mesh"/>
    </node>

    <node name="Cone.002">
      <position x="-6.000000" y="-5.000000" z="6.000000"/>
      <rotation qx="0.885699" qy="0.000000" qz="0.000000" qw="0.464260"/>
      <scale x="1.500000" y="1.500000" z="1.500000"/>
      <entity name="Cone.002" meshFile="Cone.mesh"/>
    </node>

    <node name="Cone.001">
      <position x="0.000000" y="0.000000" z="10.000000"/>
      <rotation qx="-0.382683" qy="-0.000000" qz="-0.000000" qw="0.923880"/>
      <scale x="1.500000" y="1.500000" z="1.500000"/>
      <entity name="Cone.001" meshFile="Cone.mesh"/>
    </node>

    <node name="Cone">
      <position x="0.000000" y="0.000000" z="0.000000"/>
      <rotation qx="0.000000" qy="0.000000" qz="0.000000" qw="1.000000"/>
      <scale x="1.500000" y="1.500000" z="1.500000"/>
      <entity name="Cone" meshFile="Cone.mesh"/>
    </node>
  </nodes>

  <externals>
    <item type="material">
      <file name="dotSceneT.material"/>
    </item>
  </externals>

  <environment>
    <colourAmbient r="0.000000" g="0.000000" b="0.000000"/>
    <colourBackground r="0.056563" g="0.220815" b="0.400000"/>
  </environment>
  
</scene>
