<scene formatVersion="0.2.0">
  <nodes>
    <node name="roomOb">
      <position x="0.000000" y="0.000000" z="0.000000"/>
      <rotation qx="-0.000000" qy="0.000000" qz="0.000000" qw="1.000000"/>
      <scale x="1.000000" y="1.000000" z="1.000000"/>
      <entity name="roomOb" meshFile="roomMe.mesh" static="true"/>
      <userData>
      </userData>
      <node name="CameraMain">
        <position x="24.000530" y="-5.392693" z="12.220819"/>
        <rotation qx="0.482049" qy="0.397451" qz="0.482618" qw="0.613793"/>
        <scale x="1.000000" y="1.000000" z="1.000000"/>
        <camera name="Camera" fov="37.849289" projectionType="perspective">
          <normal x="0.0" y="0.0" z="-1.0"/>
          <clipping near="0.100000" far="100.000000"/>
        </camera>
      </node>
      <node name="PenCube">
        <position x="0.000000" y="4.000000" z="7.000000"/>
        <rotation qx="-0.000000" qy="0.000000" qz="0.000000" qw="1.000000"/>
        <scale x="1.000000" y="1.000000" z="1.000000"/>
        <entity name="PenCube" meshFile="pen.mesh"/>
        <userData>
          <property type="STRING" name="StringData" data="ertegdg"/>
          <property type="TIME" name="TimeData" data="80.0013580322"/>
          <property type="FLOAT" name="FloatData" data="79.9977798462"/>
          <property type="INT" name="integerData" data="80"/>
          <property type="BOOL" name="BoolData" data="True"/>
          <property type="STRING" name="andSoOn" data="andSoOn"/>
        </userData>
      </node>
      <node name="ComputerCube">
        <position x="0.000000" y="4.000000" z="4.000000"/>
        <rotation qx="-0.000000" qy="0.000000" qz="0.000000" qw="1.000000"/>
        <scale x="1.000000" y="1.000000" z="1.000000"/>
        <entity name="ComputerCube" meshFile="computer.mesh"/>
        <userData>
          <property type="STRING" name="StringData" data="ertegdg"/>
          <property type="TIME" name="TimeData" data="80.0013580322"/>
          <property type="FLOAT" name="FloatData" data="79.9977798462"/>
          <property type="INT" name="integerData" data="80"/>
          <property type="BOOL" name="BoolData" data="True"/>
          <property type="STRING" name="andSoOn" data="andSoOn"/>
        </userData>
      </node>
      <node name="Lamp3">
        <position x="-5.000000" y="7.000000" z="16.000000"/>
        <rotation qx="-0.122788" qy="-0.122788" qz="0.696364" qw="0.696364"/>
        <scale x="1.000000" y="1.000000" z="1.000000"/>
        <light name="Lamp.002" type="directional">
          <normal x="0.0" y="0.0" z="-1.0"/>
          <colourDiffuse r="1.000000" g="1.000000" b="1.000000"/>
          <colourSpecular r="1.000000" g="1.000000" b="1.000000"/>
        </light>
      </node>
      <node name="DeskCube">
        <position x="0.000000" y="4.000000" z="1.000000"/>
        <rotation qx="0.000000" qy="0.000000" qz="0.000000" qw="1.000000"/>
        <scale x="1.000000" y="1.000000" z="1.000000"/>
        <entity name="DeskCube" meshFile="desk.mesh"/>
        <userData>
          <property type="STRING" name="StringData" data="ertegdg"/>
          <property type="TIME" name="TimeData" data="80.0013580322"/>
          <property type="FLOAT" name="FloatData" data="79.9977798462"/>
          <property type="INT" name="integerData" data="80"/>
          <property type="BOOL" name="BoolData" data="True"/>
          <property type="STRING" name="andSoOn" data="andSoOn"/>
        </userData>
      </node>
      <node name="Lamp2">
        <position x="6.999999" y="-0.000000" z="15.999999"/>
        <rotation qx="0.153046" qy="0.153046" qz="0.690346" qw="0.690346"/>
        <scale x="1.000000" y="1.000000" z="1.000000"/>
        <light name="Lamp.001" type="spot" castShadows="true">
          <normal x="0.0" y="0.0" z="-1.0"/>
          <colourDiffuse r="1.000000" g="1.000000" b="1.000000"/>
          <colourSpecular r="1.000000" g="1.000000" b="1.000000"/>
          <lightRange inner="45.000000" outer="45.000000" falloff="1.0"/>
          <lightAttenuation range="40.000000" constant="1.000000" linear="0.050000" quadratic="0.000000"/>
        </light>
      </node>
      <node name="Lamp1">
        <position x="-0.000000" y="-7.000000" z="13.000000"/>
        <rotation qx="0.500000" qy="0.500000" qz="0.500000" qw="0.500000"/>
        <scale x="1.000000" y="1.000000" z="1.000000"/>
        <light name="Lamp" type="point">
          <colourDiffuse r="1.000000" g="1.000000" b="1.000000"/>
          <colourSpecular r="1.000000" g="1.000000" b="1.000000"/>
          <lightAttenuation range="5000.0" constant="1.000000" linear="0.050000" quadratic="0.000000"/>
        </light>
      </node>
      <node name="sphereOb">
        <position x="0.000000" y="-3.000000" z="7.000000"/>
        <rotation qx="0.500000" qy="0.500000" qz="0.500000" qw="0.500000"/>
        <scale x="1.000000" y="1.000000" z="1.000000"/>
        <entity name="sphereOb" meshFile="sphereMe.mesh"/>
        <userData>
          <property type="STRING" name="Anim" data="upDown"/>
        </userData>
      </node>
    </node>
  </nodes>
  <externals>
    <item type="material">
      <file name="dotSceneT.material"/>
    </item>
  </externals>
  <environment>
    <colourAmbient r="0.000000" g="0.000000" b="0.000000"/>
    <colourBackground r="0.056563" g="0.220815" b="0.400000"/>
  </environment>
</scene>
