<mesh>
	<submeshes>
		<submesh material="roomMat" usesharedvertices="false" use32bitindexes="false" operationtype="triangle_list">
			<faces count="10">
				<face v1="0" v2="1" v3="2"/>
				<face v1="2" v2="3" v3="0"/>
				<face v1="4" v2="5" v3="7"/>
				<face v1="7" v2="5" v3="6"/>
				<face v1="8" v2="9" v3="11"/>
				<face v1="11" v2="9" v3="10"/>
				<face v1="12" v2="13" v3="14"/>
				<face v1="14" v2="15" v3="12"/>
				<face v1="16" v2="17" v3="19"/>
				<face v1="19" v2="17" v3="18"/>
			</faces>
			<geometry vertexcount="20">
				<vertexbuffer positions="true" normals="true">
					<vertex>
						<position x="10.000000" y="9.999999" z="0.000000"/>
						<normal x="0.000000" y="0.000000" z="1.000000"/>
					</vertex>
					<vertex>
						<position x="-9.999996" y="10.000004" z="0.000000"/>
						<normal x="0.000000" y="0.000000" z="1.000000"/>
					</vertex>
					<vertex>
						<position x="-10.000001" y="-9.999998" z="0.000000"/>
						<normal x="0.000000" y="0.000000" z="1.000000"/>
					</vertex>
					<vertex>
						<position x="10.000000" y="-10.000000" z="0.000000"/>
						<normal x="0.000000" y="0.000000" z="1.000000"/>
					</vertex>
					<vertex>
						<position x="10.000005" y="9.999994" z="20.000000"/>
						<normal x="0.000000" y="0.000000" z="-1.000000"/>
					</vertex>
					<vertex>
						<position x="9.999993" y="-10.000006" z="20.000000"/>
						<normal x="0.000000" y="0.000000" z="-1.000000"/>
					</vertex>
					<vertex>
						<position x="-10.000004" y="-9.999996" z="20.000000"/>
						<normal x="0.000000" y="0.000000" z="-1.000000"/>
					</vertex>
					<vertex>
						<position x="-9.999999" y="10.000000" z="20.000000"/>
						<normal x="0.000000" y="0.000000" z="-1.000000"/>
					</vertex>
					<vertex>
						<position x="10.000000" y="-10.000000" z="0.000000"/>
						<normal x="0.000000" y="1.000000" z="-0.000000"/>
					</vertex>
					<vertex>
						<position x="-10.000001" y="-9.999998" z="0.000000"/>
						<normal x="0.000000" y="1.000000" z="-0.000000"/>
					</vertex>
					<vertex>
						<position x="-10.000004" y="-9.999996" z="20.000000"/>
						<normal x="0.000000" y="1.000000" z="-0.000000"/>
					</vertex>
					<vertex>
						<position x="9.999993" y="-10.000006" z="20.000000"/>
						<normal x="0.000000" y="1.000000" z="-0.000000"/>
					</vertex>
					<vertex>
						<position x="-10.000001" y="-9.999998" z="0.000000"/>
						<normal x="1.000000" y="-0.000000" z="0.000000"/>
					</vertex>
					<vertex>
						<position x="-9.999996" y="10.000004" z="0.000000"/>
						<normal x="1.000000" y="-0.000000" z="0.000000"/>
					</vertex>
					<vertex>
						<position x="-9.999999" y="10.000000" z="20.000000"/>
						<normal x="1.000000" y="-0.000000" z="0.000000"/>
					</vertex>
					<vertex>
						<position x="-10.000004" y="-9.999996" z="20.000000"/>
						<normal x="1.000000" y="-0.000000" z="0.000000"/>
					</vertex>
					<vertex>
						<position x="-9.999996" y="10.000004" z="0.000000"/>
						<normal x="-0.000000" y="-1.000000" z="-0.000000"/>
					</vertex>
					<vertex>
						<position x="10.000000" y="9.999999" z="0.000000"/>
						<normal x="-0.000000" y="-1.000000" z="-0.000000"/>
					</vertex>
					<vertex>
						<position x="10.000005" y="9.999994" z="20.000000"/>
						<normal x="-0.000000" y="-1.000000" z="-0.000000"/>
					</vertex>
					<vertex>
						<position x="-9.999999" y="10.000000" z="20.000000"/>
						<normal x="-0.000000" y="-1.000000" z="-0.000000"/>
					</vertex>
				</vertexbuffer>
				<vertexbuffer texture_coord_dimensions_0="2" texture_coords="1">
					<vertex>
						<texcoord u="0.637356" v="1.433746"/>
					</vertex>
					<vertex>
						<texcoord u="0.017255" v="1.227046"/>
					</vertex>
					<vertex>
						<texcoord u="0.223955" v="0.606945"/>
					</vertex>
					<vertex>
						<texcoord u="0.844056" v="0.813645"/>
					</vertex>
					<vertex>
						<texcoord u="-1.222947" v="0.813646"/>
					</vertex>
					<vertex>
						<texcoord u="-1.016247" v="0.193545"/>
					</vertex>
					<vertex>
						<texcoord u="-0.396146" v="0.400245"/>
					</vertex>
					<vertex>
						<texcoord u="-0.602846" v="1.020346"/>
					</vertex>
					<vertex>
						<texcoord u="1.533501" v="1.433746"/>
					</vertex>
					<vertex>
						<texcoord u="0.879857" v="1.433746"/>
					</vertex>
					<vertex>
						<texcoord u="0.879857" v="0.780102"/>
					</vertex>
					<vertex>
						<texcoord u="1.533501" v="0.780102"/>
					</vertex>
					<vertex>
						<texcoord u="0.223955" v="0.606945"/>
					</vertex>
					<vertex>
						<texcoord u="0.017255" v="1.227046"/>
					</vertex>
					<vertex>
						<texcoord u="-0.602846" v="1.020346"/>
					</vertex>
					<vertex>
						<texcoord u="-0.396146" v="0.400245"/>
					</vertex>
					<vertex>
						<texcoord u="1.569303" v="0.780102"/>
					</vertex>
					<vertex>
						<texcoord u="2.222946" v="0.780102"/>
					</vertex>
					<vertex>
						<texcoord u="2.222947" v="1.433746"/>
					</vertex>
					<vertex>
						<texcoord u="1.569303" v="1.433746"/>
					</vertex>
				</vertexbuffer>
			</geometry>
		</submesh>
	</submeshes>
</mesh>
