<mesh>
	<submeshes>
		<submesh material="SphereMat" usesharedvertices="false" use32bitindexes="false" operationtype="triangle_list">
			<faces count="80">
				<face v1="0" v2="1" v3="2"/>
				<face v1="3" v2="4" v3="5"/>
				<face v1="6" v2="7" v3="8"/>
				<face v1="8" v2="9" v3="10"/>
				<face v1="10" v2="11" v3="4"/>
				<face v1="12" v2="13" v3="14"/>
				<face v1="1" v2="15" v3="16"/>
				<face v1="17" v2="18" v3="19"/>
				<face v1="9" v2="20" v3="21"/>
				<face v1="11" v2="22" v3="23"/>
				<face v1="14" v2="24" v3="15"/>
				<face v1="16" v2="25" v3="18"/>
				<face v1="26" v2="27" v3="20"/>
				<face v1="21" v2="28" v3="22"/>
				<face v1="23" v2="29" v3="30"/>
				<face v1="24" v2="31" v3="32"/>
				<face v1="25" v2="32" v3="33"/>
				<face v1="34" v2="33" v3="35"/>
				<face v1="28" v2="36" v3="37"/>
				<face v1="38" v2="39" v3="31"/>
				<face v1="40" v2="37" v3="29"/>
				<face v1="41" v2="31" v3="39"/>
				<face v1="42" v2="38" v3="31"/>
				<face v1="43" v2="36" v3="28"/>
				<face v1="41" v2="39" v3="35"/>
				<face v1="40" v2="28" v3="37"/>
				<face v1="44" v2="33" v3="34"/>
				<face v1="41" v2="35" v3="33"/>
				<face v1="43" v2="27" v3="36"/>
				<face v1="45" v2="32" v3="25"/>
				<face v1="41" v2="33" v3="32"/>
				<face v1="44" v2="25" v3="33"/>
				<face v1="42" v2="31" v3="24"/>
				<face v1="41" v2="32" v3="31"/>
				<face v1="45" v2="24" v3="32"/>
				<face v1="46" v2="23" v3="30"/>
				<face v1="42" v2="13" v3="38"/>
				<face v1="40" v2="29" v3="23"/>
				<face v1="47" v2="21" v3="22"/>
				<face v1="40" v2="22" v3="28"/>
				<face v1="43" v2="28" v3="21"/>
				<face v1="48" v2="26" v3="20"/>
				<face v1="43" v2="20" v3="27"/>
				<face v1="44" v2="34" v3="19"/>
				<face v1="49" v2="16" v3="18"/>
				<face v1="44" v2="18" v3="25"/>
				<face v1="45" v2="25" v3="16"/>
				<face v1="50" v2="14" v3="15"/>
				<face v1="45" v2="15" v3="24"/>
				<face v1="42" v2="24" v3="14"/>
				<face v1="47" v2="22" v3="11"/>
				<face v1="40" v2="23" v3="22"/>
				<face v1="46" v2="11" v3="23"/>
				<face v1="48" v2="20" v3="9"/>
				<face v1="43" v2="21" v3="20"/>
				<face v1="47" v2="9" v3="21"/>
				<face v1="49" v2="18" v3="17"/>
				<face v1="44" v2="19" v3="18"/>
				<face v1="48" v2="7" v3="26"/>
				<face v1="50" v2="15" v3="1"/>
				<face v1="45" v2="16" v3="15"/>
				<face v1="49" v2="1" v3="16"/>
				<face v1="46" v2="30" v3="5"/>
				<face v1="42" v2="14" v3="13"/>
				<face v1="50" v2="12" v3="14"/>
				<face v1="51" v2="10" v3="4"/>
				<face v1="46" v2="4" v3="11"/>
				<face v1="47" v2="11" v3="10"/>
				<face v1="51" v2="8" v3="10"/>
				<face v1="47" v2="10" v3="9"/>
				<face v1="48" v2="9" v3="8"/>
				<face v1="51" v2="6" v3="8"/>
				<face v1="48" v2="8" v3="7"/>
				<face v1="49" v2="17" v3="2"/>
				<face v1="51" v2="4" v3="3"/>
				<face v1="46" v2="5" v3="4"/>
				<face v1="50" v2="0" v3="12"/>
				<face v1="51" v2="3" v3="6"/>
				<face v1="49" v2="2" v3="1"/>
				<face v1="50" v2="1" v3="0"/>
			</faces>
			<geometry vertexcount="52">
				<vertexbuffer positions="true" normals="true">
					<vertex>
						<position x="0.601497" y="-0.437008" z="-1.203007"/>
						<normal x="0.425315" y="-0.309006" z="-0.850660"/>
					</vertex>
					<vertex>
						<position x="0.371753" y="-1.144115" z="-0.743505"/>
						<normal x="0.262866" y="-0.809016" z="-0.525732"/>
					</vertex>
					<vertex>
						<position x="-0.229747" y="-0.707100" z="-1.203007"/>
						<normal x="-0.162453" y="-0.499993" z="-0.850656"/>
					</vertex>
					<vertex>
						<position x="0.601497" y="-0.437008" z="-1.203007"/>
						<normal x="0.425315" y="-0.309006" z="-0.850660"/>
					</vertex>
					<vertex>
						<position x="0.601497" y="0.437008" z="-1.203007"/>
						<normal x="0.425315" y="0.309006" z="-0.850660"/>
					</vertex>
					<vertex>
						<position x="1.202998" y="-0.000000" z="-0.743503"/>
						<normal x="0.850657" y="0.000000" z="-0.525721"/>
					</vertex>
					<vertex>
						<position x="-0.229747" y="-0.707100" z="-1.203007"/>
						<normal x="-0.162453" y="-0.499993" z="-0.850656"/>
					</vertex>
					<vertex>
						<position x="-0.973247" y="-0.707102" z="-0.743503"/>
						<normal x="-0.688188" y="-0.500004" z="-0.525732"/>
					</vertex>
					<vertex>
						<position x="-0.743494" y="-0.000000" z="-1.203003"/>
						<normal x="-0.525721" y="0.000000" z="-0.850657"/>
					</vertex>
					<vertex>
						<position x="-0.973247" y="0.707102" z="-0.743503"/>
						<normal x="-0.688188" y="0.500004" z="-0.525732"/>
					</vertex>
					<vertex>
						<position x="-0.229747" y="0.707100" z="-1.203007"/>
						<normal x="-0.162453" y="0.499993" z="-0.850656"/>
					</vertex>
					<vertex>
						<position x="0.371753" y="1.144115" z="-0.743505"/>
						<normal x="0.262866" y="0.809016" z="-0.525732"/>
					</vertex>
					<vertex>
						<position x="1.202998" y="-0.000000" z="-0.743503"/>
						<normal x="0.850657" y="0.000000" z="-0.525721"/>
					</vertex>
					<vertex>
						<position x="1.344999" y="0.437010" z="0.000000"/>
						<normal x="0.951061" y="0.309004" z="0.000000"/>
					</vertex>
					<vertex>
						<position x="1.344999" y="-0.437010" z="0.000000"/>
						<normal x="0.951061" y="-0.309004" z="0.000000"/>
					</vertex>
					<vertex>
						<position x="0.831254" y="-1.144122" z="0.000000"/>
						<normal x="0.587767" y="-0.809030" z="0.000000"/>
					</vertex>
					<vertex>
						<position x="0.000000" y="-1.414214" z="0.000000"/>
						<normal x="0.000000" y="-1.000000" z="0.000000"/>
					</vertex>
					<vertex>
						<position x="-0.973247" y="-0.707102" z="-0.743503"/>
						<normal x="-0.688188" y="-0.500004" z="-0.525732"/>
					</vertex>
					<vertex>
						<position x="-0.831254" y="-1.144122" z="0.000000"/>
						<normal x="-0.587767" y="-0.809030" z="0.000000"/>
					</vertex>
					<vertex>
						<position x="-1.344999" y="-0.437010" z="-0.000000"/>
						<normal x="-0.951061" y="-0.309004" z="0.000000"/>
					</vertex>
					<vertex>
						<position x="-1.344999" y="0.437010" z="-0.000000"/>
						<normal x="-0.951061" y="0.309004" z="0.000000"/>
					</vertex>
					<vertex>
						<position x="-0.831254" y="1.144122" z="-0.000000"/>
						<normal x="-0.587767" y="0.809030" z="0.000000"/>
					</vertex>
					<vertex>
						<position x="-0.000000" y="1.414214" z="-0.000000"/>
						<normal x="0.000000" y="1.000000" z="0.000000"/>
					</vertex>
					<vertex>
						<position x="0.831254" y="1.144122" z="-0.000000"/>
						<normal x="0.587767" y="0.809030" z="0.000000"/>
					</vertex>
					<vertex>
						<position x="0.973247" y="-0.707102" z="0.743503"/>
						<normal x="0.688188" y="-0.500004" z="0.525732"/>
					</vertex>
					<vertex>
						<position x="-0.371753" y="-1.144115" z="0.743505"/>
						<normal x="-0.262866" y="-0.809016" z="0.525732"/>
					</vertex>
					<vertex>
						<position x="-1.344999" y="-0.437010" z="-0.000000"/>
						<normal x="-0.951061" y="-0.309004" z="0.000000"/>
					</vertex>
					<vertex>
						<position x="-1.202998" y="0.000000" z="0.743503"/>
						<normal x="-0.850657" y="0.000000" z="0.525721"/>
					</vertex>
					<vertex>
						<position x="-0.371753" y="1.144115" z="0.743505"/>
						<normal x="-0.262866" y="0.809016" z="0.525732"/>
					</vertex>
					<vertex>
						<position x="0.973247" y="0.707102" z="0.743503"/>
						<normal x="0.688188" y="0.500004" z="0.525732"/>
					</vertex>
					<vertex>
						<position x="1.344999" y="0.437010" z="0.000000"/>
						<normal x="0.951061" y="0.309004" z="0.000000"/>
					</vertex>
					<vertex>
						<position x="0.743494" y="0.000000" z="1.203003"/>
						<normal x="0.525721" y="0.000000" z="0.850657"/>
					</vertex>
					<vertex>
						<position x="0.229747" y="-0.707100" z="1.203007"/>
						<normal x="0.162453" y="-0.499993" z="0.850656"/>
					</vertex>
					<vertex>
						<position x="-0.601497" y="-0.437008" z="1.203007"/>
						<normal x="-0.425315" y="-0.309006" z="0.850660"/>
					</vertex>
					<vertex>
						<position x="-1.202998" y="0.000000" z="0.743503"/>
						<normal x="-0.850657" y="0.000000" z="0.525721"/>
					</vertex>
					<vertex>
						<position x="-0.601497" y="0.437008" z="1.203007"/>
						<normal x="-0.425315" y="0.309006" z="0.850660"/>
					</vertex>
					<vertex>
						<position x="-0.601497" y="0.437008" z="1.203007"/>
						<normal x="-0.425315" y="0.309006" z="0.850660"/>
					</vertex>
					<vertex>
						<position x="0.229747" y="0.707100" z="1.203007"/>
						<normal x="0.162453" y="0.499993" z="0.850656"/>
					</vertex>
					<vertex>
						<position x="0.973247" y="0.707102" z="0.743503"/>
						<normal x="0.688188" y="0.500004" z="0.525732"/>
					</vertex>
					<vertex>
						<position x="0.229747" y="0.707100" z="1.203007"/>
						<normal x="0.162453" y="0.499993" z="0.850656"/>
					</vertex>
					<vertex>
						<position x="0.390867" y="1.202987" z="0.632457"/>
						<normal x="0.276378" y="0.850651" z="0.447223"/>
					</vertex>
					<vertex>
						<position x="-0.000000" y="0.000000" z="1.414214"/>
						<normal x="0.000000" y="0.000000" z="1.000000"/>
					</vertex>
					<vertex>
						<position x="1.264908" y="0.000000" z="0.632458"/>
						<normal x="0.894433" y="0.000000" z="0.447201"/>
					</vertex>
					<vertex>
						<position x="-1.023325" y="0.743480" z="0.632457"/>
						<normal x="-0.723616" y="0.525728" z="0.447202"/>
					</vertex>
					<vertex>
						<position x="-1.023325" y="-0.743480" z="0.632457"/>
						<normal x="-0.723616" y="-0.525728" z="0.447202"/>
					</vertex>
					<vertex>
						<position x="0.390867" y="-1.202987" z="0.632458"/>
						<normal x="0.276378" y="-0.850651" z="0.447223"/>
					</vertex>
					<vertex>
						<position x="1.023325" y="0.743480" z="-0.632457"/>
						<normal x="0.723616" y="0.525728" z="-0.447202"/>
					</vertex>
					<vertex>
						<position x="-0.390867" y="1.202987" z="-0.632458"/>
						<normal x="-0.276378" y="0.850651" z="-0.447223"/>
					</vertex>
					<vertex>
						<position x="-1.264908" y="-0.000000" z="-0.632458"/>
						<normal x="-0.894433" y="0.000000" z="-0.447201"/>
					</vertex>
					<vertex>
						<position x="-0.390867" y="-1.202987" z="-0.632457"/>
						<normal x="-0.276378" y="-0.850651" z="-0.447223"/>
					</vertex>
					<vertex>
						<position x="1.023325" y="-0.743480" z="-0.632457"/>
						<normal x="0.723616" y="-0.525728" z="-0.447202"/>
					</vertex>
					<vertex>
						<position x="0.000000" y="-0.000000" z="-1.414214"/>
						<normal x="0.000000" y="0.000000" z="-1.000000"/>
					</vertex>
				</vertexbuffer>
				<vertexbuffer texture_coord_dimensions_0="2" texture_coords="1">
					<vertex>
						<texcoord u="0.432528" v="1.443940"/>
					</vertex>
					<vertex>
						<texcoord u="0.285724" v="1.245593"/>
					</vertex>
					<vertex>
						<texcoord u="0.138918" v="1.443939"/>
					</vertex>
					<vertex>
						<texcoord u="0.438807" v="-0.443939"/>
					</vertex>
					<vertex>
						<texcoord u="0.448285" v="-0.197962"/>
					</vertex>
					<vertex>
						<texcoord u="0.687504" v="-0.280806"/>
					</vertex>
					<vertex>
						<texcoord u="0.132637" v="-0.443940"/>
					</vertex>
					<vertex>
						<texcoord u="-0.116061" v="-0.280807"/>
					</vertex>
					<vertex>
						<texcoord u="0.123156" v="-0.197960"/>
					</vertex>
					<vertex>
						<texcoord u="0.147167" v="-0.021513"/>
					</vertex>
					<vertex>
						<texcoord u="0.285721" v="-0.118520"/>
					</vertex>
					<vertex>
						<texcoord u="0.424275" v="-0.021514"/>
					</vertex>
					<vertex>
						<texcoord u="0.695175" v="1.272084"/>
					</vertex>
					<vertex>
						<texcoord u="0.816874" v="0.977361"/>
					</vertex>
					<vertex>
						<texcoord u="0.553715" v="1.058475"/>
					</vertex>
					<vertex>
						<texcoord u="0.370953" v="1.088525"/>
					</vertex>
					<vertex>
						<texcoord u="0.200492" v="1.088525"/>
					</vertex>
					<vertex>
						<texcoord u="-0.123730" v="1.272083"/>
					</vertex>
					<vertex>
						<texcoord u="0.017732" v="1.058476"/>
					</vertex>
					<vertex>
						<texcoord u="-0.245431" v="0.977361"/>
					</vertex>
					<vertex>
						<texcoord u="0.017728" v="0.107023"/>
					</vertex>
					<vertex>
						<texcoord u="0.200490" v="0.137073"/>
					</vertex>
					<vertex>
						<texcoord u="0.370951" v="0.137073"/>
					</vertex>
					<vertex>
						<texcoord u="0.553711" v="0.107024"/>
					</vertex>
					<vertex>
						<texcoord u="0.424276" v="0.929939"/>
					</vertex>
					<vertex>
						<texcoord u="0.147168" v="0.929938"/>
					</vertex>
					<vertex>
						<texcoord u="-0.245431" v="0.025908"/>
					</vertex>
					<vertex>
						<texcoord u="-0.123732" v="0.320632"/>
					</vertex>
					<vertex>
						<texcoord u="0.285719" v="0.294141"/>
					</vertex>
					<vertex>
						<texcoord u="0.695174" v="0.320630"/>
					</vertex>
					<vertex>
						<texcoord u="0.816874" v="0.025908"/>
					</vertex>
					<vertex>
						<texcoord u="0.448287" v="0.753492"/>
					</vertex>
					<vertex>
						<texcoord u="0.285722" v="0.832933"/>
					</vertex>
					<vertex>
						<texcoord u="0.123159" v="0.753490"/>
					</vertex>
					<vertex>
						<texcoord u="-0.116061" v="0.670646"/>
					</vertex>
					<vertex>
						<texcoord u="0.132636" v="0.507513"/>
					</vertex>
					<vertex>
						<texcoord u="0.138915" v="0.492489"/>
					</vertex>
					<vertex>
						<texcoord u="0.432526" v="0.492487"/>
					</vertex>
					<vertex>
						<texcoord u="0.687505" v="0.670645"/>
					</vertex>
					<vertex>
						<texcoord u="0.438807" v="0.507512"/>
					</vertex>
					<vertex>
						<texcoord u="0.467615" v="0.270272"/>
					</vertex>
					<vertex>
						<texcoord u="0.285722" v="0.670988"/>
					</vertex>
					<vertex>
						<texcoord u="0.586131" v="0.877982"/>
					</vertex>
					<vertex>
						<texcoord u="0.103823" v="0.270272"/>
					</vertex>
					<vertex>
						<texcoord u="-0.014687" v="0.877980"/>
					</vertex>
					<vertex>
						<texcoord u="0.285721" v="0.973971"/>
					</vertex>
					<vertex>
						<texcoord u="0.586130" v="-0.073472"/>
					</vertex>
					<vertex>
						<texcoord u="0.285722" v="0.022519"/>
					</vertex>
					<vertex>
						<texcoord u="-0.014688" v="-0.073470"/>
					</vertex>
					<vertex>
						<texcoord u="0.103828" v="1.221724"/>
					</vertex>
					<vertex>
						<texcoord u="0.467620" v="1.221724"/>
					</vertex>
					<vertex>
						<texcoord u="0.285721" v="-0.280464"/>
					</vertex>
				</vertexbuffer>
			</geometry>
		</submesh>
	</submeshes>
</mesh>
