<mesh>
	<submeshes>
		<submesh material="doorBpMat" usesharedvertices="false" use32bitindexes="false" operationtype="triangle_list">
			<faces count="2">
				<face v1="0" v2="1" v3="3"/>
				<face v1="3" v2="1" v3="2"/>
			</faces>
			<geometry vertexcount="4">
				<vertexbuffer positions="true" normals="true">
					<vertex>
						<position x="50.999993" y="9.999990" z="30.000002"/>
						<normal x="1.000000" y="-0.000001" z="-0.000002"/>
					</vertex>
					<vertex>
						<position x="51.000004" y="9.999986" z="36.000002"/>
						<normal x="1.000000" y="-0.000001" z="-0.000002"/>
					</vertex>
					<vertex>
						<position x="50.999981" y="-10.000014" z="36.000002"/>
						<normal x="1.000000" y="-0.000001" z="-0.000002"/>
					</vertex>
					<vertex>
						<position x="50.999993" y="-10.000008" z="30.000002"/>
						<normal x="1.000000" y="-0.000001" z="-0.000002"/>
					</vertex>
				</vertexbuffer>
				<vertexbuffer texture_coord_dimensions_0="2" texture_coords="1">
					<vertex>
						<texcoord u="0.990000" v="0.743906"/>
					</vertex>
					<vertex>
						<texcoord u="0.990000" v="0.449906"/>
					</vertex>
					<vertex>
						<texcoord u="0.010000" v="0.449906"/>
					</vertex>
					<vertex>
						<texcoord u="0.010000" v="0.743906"/>
					</vertex>
				</vertexbuffer>
			</geometry>
			<boneassignments>
				<vertexboneassignment vertexindex="0" boneindex="1" weight="1.000000"/>
				<vertexboneassignment vertexindex="1" boneindex="1" weight="1.000000"/>
				<vertexboneassignment vertexindex="2" boneindex="1" weight="1.000000"/>
				<vertexboneassignment vertexindex="3" boneindex="1" weight="1.000000"/>
			</boneassignments>
		</submesh>
		<submesh material="doorMat/TWOSIDE" usesharedvertices="false" use32bitindexes="false" operationtype="triangle_list">
			<faces count="2">
				<face v1="0" v2="1" v3="3"/>
				<face v1="3" v2="1" v3="2"/>
			</faces>
			<geometry vertexcount="4">
				<vertexbuffer positions="true" normals="true">
					<vertex>
						<position x="49.799981" y="-10.000014" z="30.000002"/>
						<normal x="-1.000000" y="0.000001" z="0.000000"/>
					</vertex>
					<vertex>
						<position x="49.800004" y="9.999986" z="30.000002"/>
						<normal x="-1.000000" y="0.000001" z="0.000000"/>
					</vertex>
					<vertex>
						<position x="49.799992" y="9.999990" z="0.000002"/>
						<normal x="-1.000000" y="0.000001" z="0.000000"/>
					</vertex>
					<vertex>
						<position x="49.799992" y="-10.000008" z="0.000002"/>
						<normal x="-1.000000" y="0.000001" z="0.000000"/>
					</vertex>
				</vertexbuffer>
				<vertexbuffer texture_coord_dimensions_0="2" texture_coords="1">
					<vertex>
						<texcoord u="0.991049" v="0.013177"/>
					</vertex>
					<vertex>
						<texcoord u="0.008952" v="0.013177"/>
					</vertex>
					<vertex>
						<texcoord u="0.008951" v="0.993177"/>
					</vertex>
					<vertex>
						<texcoord u="0.991048" v="0.993177"/>
					</vertex>
				</vertexbuffer>
			</geometry>
			<boneassignments>
				<vertexboneassignment vertexindex="0" boneindex="0" weight="1.000000"/>
				<vertexboneassignment vertexindex="1" boneindex="0" weight="1.000000"/>
				<vertexboneassignment vertexindex="2" boneindex="0" weight="1.000000"/>
				<vertexboneassignment vertexindex="3" boneindex="0" weight="1.000000"/>
			</boneassignments>
		</submesh>
		<submesh material="doorFpMat" usesharedvertices="false" use32bitindexes="false" operationtype="triangle_list">
			<faces count="2">
				<face v1="0" v2="1" v3="3"/>
				<face v1="3" v2="1" v3="2"/>
			</faces>
			<geometry vertexcount="4">
				<vertexbuffer positions="true" normals="true">
					<vertex>
						<position x="48.999993" y="9.999990" z="30.000002"/>
						<normal x="-1.000000" y="-0.000000" z="-0.000002"/>
					</vertex>
					<vertex>
						<position x="48.999993" y="-10.000008" z="30.000002"/>
						<normal x="-1.000000" y="-0.000000" z="-0.000002"/>
					</vertex>
					<vertex>
						<position x="48.999981" y="-10.000014" z="36.000002"/>
						<normal x="-1.000000" y="-0.000000" z="-0.000002"/>
					</vertex>
					<vertex>
						<position x="49.000004" y="9.999986" z="36.000002"/>
						<normal x="-1.000000" y="-0.000000" z="-0.000002"/>
					</vertex>
				</vertexbuffer>
				<vertexbuffer texture_coord_dimensions_0="2" texture_coords="1">
					<vertex>
						<texcoord u="0.009859" v="0.744078"/>
					</vertex>
					<vertex>
						<texcoord u="0.989858" v="0.745023"/>
					</vertex>
					<vertex>
						<texcoord u="0.990141" v="0.451023"/>
					</vertex>
					<vertex>
						<texcoord u="0.010142" v="0.450078"/>
					</vertex>
				</vertexbuffer>
			</geometry>
			<boneassignments>
				<vertexboneassignment vertexindex="0" boneindex="1" weight="1.000000"/>
				<vertexboneassignment vertexindex="1" boneindex="1" weight="1.000000"/>
				<vertexboneassignment vertexindex="2" boneindex="1" weight="1.000000"/>
				<vertexboneassignment vertexindex="3" boneindex="1" weight="1.000000"/>
			</boneassignments>
		</submesh>
	</submeshes>
	<skeletonlink name="doorAm.skeleton"/>
</mesh>
