<skeleton>
	<bones>
		<bone id="0" name="Bone">
			<position x="62.000000" y="-30.000000" z="20.000000"/>
			<rotation angle="2.094395">
				<axis x="0.577350" y="-0.577350" z="0.577350"/>
			</rotation>
		</bone>
	</bones>
	<bonehierarchy>
	</bonehierarchy>
	<animations>
		<animation name="shelfInOut" length="1.560000">
			<tracks>
				<track bone="Bone">
					<keyframes>
						<keyframe time="0.000000">
							<translate x="0.000000" y="0.000000" z="0.000000"/>
							<rotate angle="0.000000">
								<axis x="0.000000" y="0.000000" z="0.000000"/>
							</rotate>
							<scale x="1.000000" y="1.000000" z="1.000000"/>
						</keyframe>
						<keyframe time="1.560000">
							<translate x="-22.000000" y="0.000000" z="0.000000"/>
							<rotate angle="0.000000">
								<axis x="0.000000" y="0.000000" z="0.000000"/>
							</rotate>
							<scale x="1.000000" y="1.000000" z="1.000000"/>
						</keyframe>
					</keyframes>
				</track>
			</tracks>
		</animation>
	</animations>
</skeleton>
